{"cameraMode":{"drawMode":0,"name":"Shaded","section":"Shading Mode"},"sceneLighting":false,"audioPlay":false,"sceneViewState":{"showFog":true,"showMaterialUpdate":false,"showSkybox":true,"showFlares":true,"showImageEffects":true,"showParticleSystems":true},"in2DMode":false,"pivot":{"x":-7.622488975524902,"y":8.643402099609375,"z":1.4261417388916016},"rotation":{"x":-0.3175588548183441,"y":0.6245384812355042,"z":-0.3081926703453064,"w":-0.6435539722442627},"size":6.416755676269531,"orthographic":true}